{"depot_threshold": -0.38705315742289503, "capacity_threshold": 0.9232988969581895, "exploration_params": [0.2515248464782957, 0.8432706554276698, 0.1385632200429036]}