{"depot_threshold": -0.16418095954973097, "capacity_threshold": 0.874304285496317, "exploration_params": [0.1376846151528197, 0.8276746974518076, 0.06680600791479181]}