{"depot_threshold": -0.08698540243961689, "capacity_threshold": 0.8144173047563628, "exploration_params": [0.24855838226706325, 0.7570410641829246, 0.0953354207181282]}